Date,BTC_Daily_Returns,ETH_Daily_Returns,LTC_Daily_Returns
2019-07-02,0.023781319633982445,-0.008341845420497096,-0.03223437244981231
2019-07-03,0.10593969257136737,0.03618884120171684,0.026899401298591696
2019-07-04,-0.07017288972831615,-0.06292455018390275,-0.017983248480867076
2019-07-05,-0.011807650862068919,0.018387553041018245,-0.008779998327619332
2019-07-06,0.021196763872266988,-0.001493055555555567,-0.002446431584275377
2019-07-07,0.021058448428825205,0.0652710644364849,0.01632135306553928
2019-07-08,0.07138574324453884,0.022523992949011085,0.027625228823431547
2019-07-09,0.022579356783609006,-0.016983782403269032,-0.03230769230769226
2019-07-10,-0.03763788559641923,-0.06261366588724349,-0.09396703204752743
2019-07-11,-0.06190795803590021,-0.06915188470066513,-0.04931658662726268
2019-07-12,0.03991541104943175,0.025569450647610514,0.02156596075383721
2019-07-13,-0.0365971869174716,-0.023625476320087047,-0.03813236972232781
2019-07-14,-0.1042253000858393,-0.160868272375855,-0.11300049431537329
2019-07-15,0.06572783781687419,0.01116229624379872,0.008693713776192658
2019-07-16,-0.13190418325353515,-0.12874540038549154,-0.11955801104972363
2019-07-17,0.02903514059634582,0.06289908994921833,0.13265562248995977
2019-07-18,0.09826005975469032,0.07052980132450326,0.12354570637119111
2019-07-19,-0.010424384476766524,-0.02253546020944719,-0.02613412228796852
2019-07-20,0.021158543413114073,0.03471814113286009,0.017518987341772263
2019-07-21,-0.01582841047743566,-0.014198960199222288,-0.0071656050955414274
2019-07-22,-0.025240069117244524,-0.03771494415883703,-0.046511627906976716
2019-07-23,-0.046813110809530434,-0.023948786441302383,-0.05361648444070655
2019-07-24,-0.0068617049385577555,0.021988392393714973,0.0492112863808043
2019-07-25,0.011330659189979997,0.012419779306523937,-0.012281630492323892
2019-07-26,-0.004080608458889912,0.00031922655964966573,0.011148033015328407
2019-07-27,-0.03688103220562844,-0.055801230909505284,-0.05788190395420323
2019-07-28,0.005592838803457401,0.021196465646274865,0.01294024980308306
2019-07-29,-0.003985104374278792,-0.0036406619385342953,0.0024439013552544075
2019-07-30,0.009899936914231855,-0.004270867935272538,0.0009973404255319007
2019-07-31,0.05196469708551765,0.04227231568412515,0.09476364441492313
2019-08-01,0.03158823471097327,-0.005258344764517475,0.0
2019-08-02,0.01221129470283322,0.001149161112387942,-0.04105571847507339
2019-08-03,0.02731887656045129,0.019926538108356207,-0.006643467257197
2019-08-04,0.014486043494172263,0.003016115962906296,-0.013269639065817462
2019-08-05,0.07670045392807645,0.04573403348144156,0.037009144701452446
2019-08-06,-0.029950530860468616,-0.030858369098712424,-0.036414565826330625
2019-08-07,0.044441188296357126,-4.428501837827614e-05,-0.02562446167097321
2019-08-08,0.0004985373731840603,-0.022099202834366727,-0.0055248618784530246
2019-08-09,-0.010424839328937452,-0.04759748199809788,-0.06311111111111123
2019-08-10,-0.048510893126744836,-0.019971469329529312,0.01008064516129048
2019-08-11,0.023030861762528776,0.048326055312954974,0.05412704003757196
2019-08-12,-0.013125652036780955,-0.0222160510969176,-0.044553352639786103
2019-08-13,-0.04691780340811713,-0.012685790021774057,-0.014572161342970347
2019-08-14,-0.07637642654206567,-0.10681752804679256,-0.10315864190228319
2019-08-15,0.02734428767207997,0.010198604401502775,0.0058039836433188
2019-08-16,0.005123295996799948,-0.01562167906482459,-0.019540983606557316
2019-08-17,-0.013039009811857238,0.001781280362733506,-0.027421080791867447
2019-08-18,0.009560775862490711,0.04930222533541673,0.04992435703479581
2019-08-19,0.058603186667028684,0.03892369312930044,0.010741419963321786
2019-08-20,-0.013819597069597012,-0.028469750889679624,-0.026568170036288197
2019-08-21,-0.059344847150502034,-0.046754171754171736,-0.02556250832112905
2019-08-22,-0.002255676209279356,0.01622458237711477,0.0027326137450471855
2019-08-23,0.030048035301741827,0.021952628538417063,0.028477994277149588
2019-08-24,-0.025251540460193067,-0.019014337838532347,-0.02755696873343927
2019-08-25,-0.0009105278302239395,-0.022526062130022395,-0.017029972752043543
2019-08-26,0.021987982703931097,0.009164478267860154,0.017047817047816993
2019-08-27,-0.018317545950693126,-0.0072225172596920295,-0.008585445625511001
2019-08-28,-0.04498100148940465,-0.07569273563710288,-0.08192439862542944
2019-08-29,-0.022575972971832226,-0.022975866658950128,-0.049857763138194455
2019-08-30,0.009206951026856203,-0.002487856888994111,0.011818468326504794
2019-08-31,0.0019243573126621616,0.02096199524940623,0.002180345740538936
2019-09-01,0.017254704266076226,-0.0037224451811784798,0.0271950271950272
2019-09-02,0.06294360734427418,0.04384377371708803,0.016641452344932084
2019-09-03,0.02381406495935945,0.0008948545861298118,0.028571428571428692
2019-09-04,-0.0043882097910519224,-0.023133661153330487,-0.02879050925925941
2019-09-05,-0.0006719058311220882,-0.004690538839949632,-0.027707433338298837
2019-09-06,-0.025136339178399747,-0.02758620689655178,-0.0044430825800519935
2019-09-07,0.01701924158883772,0.052482269503546286,0.05986457371498921
2019-09-08,-0.00814545843002501,0.019541778975741275,0.024538986496297266
2019-09-09,-0.008555655031219356,-0.005122273628552554,-0.008928571428571397
2019-09-10,-0.021046556741028066,-0.00548081714001003,0.01172601172601162
2019-09-11,0.006657082475891807,-0.007459363170785882,-0.013286219081272033
2019-09-12,0.025936497313044926,0.015647784632641493,-0.007592035524996432
2019-09-13,-0.0055440859884954286,0.0030923850019326515,-0.002742494226327885
2019-09-14,-0.0005479489056939846,0.03963666391412057,0.02214502822405562
2019-09-15,-0.005385005188098813,0.002382843526608447,-0.00679694137638065
2019-09-16,-0.004068141367912337,0.043792921288959175,0.03735386370116922
2019-09-17,-0.007517632087183257,0.05243180322890817,0.018829026937877913
2019-09-18,-0.002958158695935964,0.011156528011541322,0.048833130986105644
2019-09-19,0.011791918670718493,0.05007847053787984,-0.011961414790996883
2019-09-20,-0.010331863423977183,-0.012409420289855144,-0.022390002603488668
2019-09-21,-0.019162442164059934,-0.014950013757681346,-0.02556591211717696
2019-09-22,0.005294771701194856,-0.01722532588454384,-0.012571740912817764
2019-09-23,-0.03321697849762628,-0.0487920416864045,-0.08012731801826745
2019-09-24,-0.12004964028331677,-0.1720119521912351,-0.16503685873326313
2019-09-25,-0.010745591154054934,0.02249488752556239,0.03657657657657665
2019-09-26,-0.044836964572457894,-0.024411764705882355,-0.04032678602468276
2019-09-27,0.016624069478908154,0.05179378956888758,0.015214635029885848
2019-09-28,0.0028655148468572644,-0.0030956202705800795,-0.009277430865298752
2019-09-29,-0.0200876912236978,-0.02599194939620475,-0.029173419773095732
2019-09-30,0.031364562118126216,0.0696068012752391,0.04043776664811727
2019-10-01,0.0019939891342042326,-0.027708781807142313,-0.0051702620788020015
2019-10-02,0.007234255280285096,0.02651149588418944,0.011290322580645107
2019-10-03,-0.01685930811337044,-0.031910186926224826,0.00017721070352649804
2019-10-04,-0.010162115719970166,0.005255641245358378,0.0012402551381998084
2019-10-05,-0.0011082954195769101,0.004318917997385929,0.006016634224031314
2019-10-06,-0.035328064725570485,-0.03706218525434268,-0.04168865435356206
2019-10-07,0.04442994024013358,0.05923140204489363,0.0565345080763584
2019-10-08,-0.003532708003410878,0.002551869521801864,-0.00972897845726206
2019-10-09,0.05012224938875298,0.06938911022576355,0.03964912280701749
2019-10-10,-0.00029103608847491635,-0.007606333436820822,-0.025143435707053574
2019-10-11,-0.03728326055312958,-0.057093696230251734,-0.03167734118054366
2019-10-12,0.005043950102391115,-0.005419155054191549,-0.0030389703253485
2019-10-13,-0.0031363468419299823,0.007339041476704056,0.012730858884704821
2019-10-14,0.008696156088939144,0.031294844905618735,0.0069050991501415915
2019-10-15,-0.023047277079593087,-0.03355632860583346,-0.04061895551257244
2019-10-16,-0.020692341995775743,-0.033669287850260354,-0.037573313782991224
2019-10-17,0.010340850236566057,0.016103151862464138,0.04646733955437066
2019-10-18,-0.015111067086005736,-0.024533303254187566,-0.029845313921747052
2019-10-19,0.0013980106007422943,-0.005030064754856678,0.009379103357719076
2019-10-20,0.03400257115882943,0.019757103841013368,0.021371492287678873
2019-10-21,-0.003181109551585015,-0.0063821300358994915,-0.004366812227074246
2019-10-22,-0.02255807608356719,-0.017606239605436724,-0.023757309941520366
2019-10-23,-0.06852201696757021,-0.0514302393461763,-0.07263197304380387
2019-10-24,-0.00588373010829657,-0.011200689273186182,0.002422285022204207
2019-10-25,0.16648521640130975,0.1306404431443331,0.1467982279500606
2019-10-26,0.06827180433779434,-0.008972806341517092,-0.001229148375768263
2019-10-27,0.0312167243714212,0.02432927845359112,0.053270042194092815
2019-10-28,-0.0337569799054126,-0.012960251613252982,-0.034718744783842403
2019-10-29,0.022142741017720624,0.04988462806285021,0.03475704651564948
2019-10-30,-0.02824362726385876,-0.04039769754055467,-0.03141711229946531
2019-10-31,-0.0005412223769265534,-0.005453157378121909,0.007073844030365706
2019-11-01,0.010223287784896229,0.004441276455751764,-0.000513962652047173
2019-11-02,0.005987169733019826,0.00032752879524000633,0.0006856359273226253
2019-11-03,-0.01095770326539558,-0.008294679399727167,-0.0006851661527920161
2019-11-04,0.022376533152591804,0.024872062950531015,0.05262255742200872
2019-11-05,-0.009608468711387985,0.01412080536912752,0.02849698746132545
2019-11-06,0.0020574785268110407,0.011912325285895697,0.01583280557314759
2019-11-07,-0.015247391414657807,-0.024642913200439542,-0.043485037406483795
2019-11-08,-0.04737879993564409,-0.015019847655830865,-0.0158057682906958
2019-11-09,0.00512152787683684,0.006262934320880209,0.02715231788079464
2019-11-10,0.02547034533810022,0.02224387075823997,0.026112185686653744
2019-11-11,-0.03439792830784849,-0.02239517153748405,-0.03016022620169645
2019-11-12,0.010142704155458704,0.01261846737070127,-0.005506964690638161
2019-11-13,-0.005863791146424546,0.003957642528612748,-0.008306188925081393
2019-11-14,-0.014653461729049133,-0.016886852759428916,-0.03251765478732149
2019-11-15,-0.019990730011587576,-0.025629910593335192,-0.02342556442030208
2019-11-16,0.002780970218079215,0.013513513513513598,0.01181992004171728
2019-11-17,0.002241480957434261,0.00894375857338825,0.01700738704689919
2019-11-18,-0.038961130633964,-0.03279312595170769,-0.058783783783783794
2019-11-19,-0.00556749795564615,-0.01192015743604169,-0.011486001435750182
2019-11-20,-0.004973311536113134,-0.007852956239685849,-0.0038126361655773655
2019-11-21,-0.057714005760266085,-0.07760252365930598,-0.07782030253326033
2019-11-22,-0.04377755545227047,-0.06746673299340877,-0.06324110671936767
2019-11-23,0.006351751949394746,0.01353604054144153,0.017299578059071674
2019-11-24,-0.05739300805398606,-0.07901315789473673,-0.08855246785566151
2019-11-25,0.03160824706454535,0.04228873490963636,0.036177474402730336
2019-11-26,0.005003500766801228,0.013158796518401905,0.03184014053579287
2019-11-27,0.050407180562555665,0.03497260366637356,0.017237710151095875
2019-11-28,-0.012136283646919432,-0.013006535947712505,-0.018619246861924732
2019-11-29,0.04407587848356043,0.02476657175021524,0.03773182690257948
2019-11-30,-0.02629896907216489,-0.01919224555735055,-0.029170090386195557
2019-12-01,-0.020070355429914533,-0.005336671498221146,0.005078290308929478
2019-12-02,-0.013405778017279268,-0.013247665099026307,-0.04063157894736846
2019-12-03,-0.00028336716855970057,-0.011008927972074867,-0.016458196181698526
2019-12-04,-0.014233993432781866,-0.012421095499898227,-0.0029004908522981543
2019-12-05,0.027024624287573795,0.018419243986254275,0.0033564555829046494
2019-12-06,0.01982000503141923,0.004319071399649044,0.011596788581623496
2019-12-07,-0.005025145621797122,-0.00934014245397119,-0.003306878306878258
2019-12-08,0.0023739734664145473,0.02224784643559663,0.00862641008626408
2019-12-09,-0.02426728723404248,-0.02262623581713219,-0.02543859649122815
2019-12-10,-0.01610082984554706,-0.011880515953835658,-0.007425742574257432
2019-12-11,-0.0025126846248357815,-0.015527310202679612,-0.01088188619360686
2019-12-12,-0.0021274143444939275,0.009770395701026002,-0.0006876002750401122
2019-12-13,0.008904926446337225,6.911327666037081e-05,0.01903669724770629
2019-12-14,-0.025792079890757047,-0.02052522460262607,-0.0267837047040288
2019-12-15,0.006808808267413813,0.004586184999647358,0.003931544865864778
2019-12-16,-0.03290254535227122,-0.07037505267593747,-0.08085694540428467
2019-12-17,-0.037866637196580455,-0.07955575702629203,-0.0731829573934838
2019-12-18,0.10109542334303612,0.09078223754411874,0.10248783126014072
2019-12-19,-0.01872341476872652,-0.03544284746783044,-0.026490066225165698
2019-12-20,0.005718186294257244,0.0014822905289435528,0.011085915847820704
2019-12-21,-0.006535465924895623,-0.009971177066292802,-0.009967605282830916
2019-12-22,0.05180589135392499,0.04178141474545605,0.05537377296753099
2019-12-23,-0.02692245236960711,-0.03489425981873118,-0.03148103982828521
2019-12-24,-0.007629818391719612,-0.0005478165597120332,-0.007633587786259555
2019-12-25,-0.008668492531368033,-0.021219951452509545,-0.0054590570719602605
2019-12-26,0.0002794725338286508,0.0039199999999999235,-0.002744510978043846
2019-12-27,0.00718641447958257,0.00589688421388157,0.024018013510132663
2019-12-28,0.007844511946871524,0.013309039055692029,0.043977522599560226
2019-12-29,0.011258895718962991,0.04995700101633971,0.007956938918792567
2019-12-30,-0.0225988471053733,-0.023827252419955425,-0.019503134432319547
2019-12-31,-0.007243003602105835,-0.019527078565980238,-0.02675822874733591
2020-01-01,0.0012015540657464019,0.012836471137389172,0.009489051094890621
2020-01-02,-0.031962566539314397,-0.025962055457408373,-0.05230175946011095
2020-01-03,0.056073272647162886,0.05803958678337651,0.07324516785350976
2020-01-04,0.0019333419683820185,-0.00022359692926887664,0.012559241706161073
2020-01-05,0.0009212601532528897,0.008722230505442186,0.012871518839223217
2020-01-06,0.05563667509584791,0.06562707856034278,0.057994454713493404
2020-01-07,0.05072875333402882,-0.0076981760177542435,0.012448132780082943
2020-01-08,-0.01385177703799223,-0.01733296058149303,-0.023295944779982758
2020-01-09,-0.028802400345037227,-0.02055476529160727,-0.012146643109540722
2020-01-10,0.04918362175541158,0.050904073778229586,0.09523809523809534
2020-01-11,-0.021723352634577142,-0.014441680486456665,0.00755256174729535
2020-01-12,0.02005112219451366,0.027834256467783813,0.04173419773095621
2020-01-13,-0.009327927185694418,-0.021077762619372442,-0.03578374173473364
2020-01-14,0.08775248318835227,0.1550414605253989,0.17789431222267038
2020-01-15,-0.000780426716456839,0.0031973938223939236,-0.004794520547945269
2020-01-16,-0.010676811056203883,-0.0141920740874375,-0.010667584308327593
2020-01-17,0.021189338547475733,0.03452693222717018,0.05843478260869572
2020-01-18,0.001112432046133316,0.02635768618432688,-0.025961222477817958
2020-01-19,-0.023771735665572558,-0.0419970125244169,-0.028846153846153855
2020-01-20,-0.007891895745113953,-0.0004197901049475261,-0.008163974292166087
2020-01-21,0.010793972341749836,0.015058795296376326,0.006830122591944043
2020-01-22,-0.007068308639158749,-0.008924877356817684,0.010610540963645887
2020-01-23,-0.0317722778908085,-0.031488549618320594,-0.06333907056798627
2020-01-24,0.0050135834241678,-0.0006157635467980427,-0.001653803748621896
2020-01-25,-0.011919651227089267,-0.013431916204559524,-0.028345297257500457
2020-01-26,0.032208012432132005,0.04515363477391943,0.06232240954726276
2020-01-27,0.03501570680628263,0.01446071108455338,0.042082738944365206
2020-01-28,0.05604116924986191,0.03663780408788364,0.03730321697467498
2020-01-29,-0.011289584331257596,-0.014432638218080718,-0.016496205872649328
2020-01-30,0.02310829375008061,0.06399538771980406,0.13753773901375377
2020-01-31,-0.017689001881495248,-0.02606339745326469,0.0020642878207017823
2020-02-01,0.004842002875207196,0.02091910537442976,0.04017068864037676
2020-02-02,-0.0060425279685464295,0.02610354223433231,-0.01230725703777058
2020-02-03,-0.004613074489194013,0.006001380848690729,-0.0038670867946146714
2020-02-04,-0.012516580482280548,-0.006229542814908506,-0.02458662832494596
2020-02-05,0.04904777545112404,0.08372290692732687,0.06957547169811318
2020-02-06,0.015518285135357246,0.04387254901960769,0.012265711135611923
2020-02-07,0.004613331339412552,0.048227283399859155,0.010891763104152519
2020-02-08,0.009949990059186176,0.0006719827972403447,0.032592592592592506
2020-02-09,0.026521254558009577,0.024309441733446846,0.004956306247554387
2020-02-10,-0.03113287799888864,-0.026005244755244794,-0.03984425697598948
2020-02-11,0.042452226907218726,0.06789320170518276,0.038253582049202484
2020-02-12,0.007898726486147423,0.11979998319186502,0.059367269886733576
2020-02-13,-0.011075119334797212,0.007242298022439808,-0.01007742411208068
2020-02-14,0.013172483927596401,0.06650026078533622,0.03426443202979512
2020-02-15,-0.044363644778442124,-0.07457994201278506,-0.07886208138278727
2020-02-16,0.0009867604593583046,-0.024233730937641584,-0.026583268178264174
2020-02-17,-0.022275980243927074,0.0368665377176014,-0.01700133868808562
2020-02-18,0.05031340206185586,0.05700854381972187,0.05406509600980525
2020-02-19,-0.05771080600390266,-0.08700716529596542,-0.08695090439276487
2020-02-20,0.001038533012224896,-0.004871259568545727,-0.015848309042026387
2020-02-21,0.008908382370539147,0.03263403263403286,0.055499640546369466
2020-02-22,-0.0028291008554343078,-0.013995485327313872,0.020024519820188047
2020-02-23,0.03069641495909803,0.05112942612942617,0.0657051282051282
2020-02-24,-0.030608097733971218,-0.03691738057209237,-0.05325814536340856
2020-02-25,-0.03674948240165632,-0.0708981945648487,-0.06075446724023825
2020-02-26,-0.05660397635679748,-0.09330628803245433,-0.14853438556933474
2020-02-27,0.003894831573311608,0.01847874720357945,0.022178086726249546
2020-02-28,-0.011756041708983589,-0.0011422044545973398,-0.028659326424870457
2020-02-29,-0.021107167503550905,-0.044245063112987704,-0.03250541756959502
2020-03-01,-0.00032375100732318085,-0.0002300860521835535,-0.007064093728463061
2020-03-02,0.04607788263980073,0.06839731197643384,0.06663196251952108
2020-03-03,-0.017628715647784565,-0.036058935033603357,-0.007646006181877274
2020-03-04,0.0003219972047900921,0.0036201117318435116,-0.010491803278688483
2020-03-05,0.03532952996692029,0.018168863555397152,0.02733598409542748
2020-03-06,0.009739618992808285,0.0740027991602521,0.02193194646024832
2020-03-07,-0.028076619450106977,-0.031804854210783495,-0.04418494555783492
2020-03-08,-0.09701989693721313,-0.16105152471083062,-0.15552253590886578
2020-03-09,-0.012844374552113957,0.016594805976135607,-0.012121212121212088
2020-03-10,-0.005021097684548059,-0.011194949943285515,-0.007718187215515537
2020-03-11,0.005493572887058207,-0.0293765586034912,-0.03191065017949746
2020-03-12,-0.3881242874509483,-0.4332254252093932,-0.3800988875154512
2020-03-13,0.16069259434642058,0.22855847688123299,0.26321036889332006
2020-03-14,-0.08378565346956157,-0.09844291934174587,-0.09418574059458029
2020-03-15,0.03486762499395013,0.00924940656462292,0.05257043276212614
2020-03-16,-0.05757153413714733,-0.09667477696674776,-0.08029801324503316
2020-03-17,0.05838085917726876,0.0422876638534746,0.025202520252025407
2020-03-18,0.015366552194324257,0.021621155999655306,0.01990049751243772
2020-03-19,0.14271728448880983,0.15244519392917377,0.12137733142037299
2020-03-20,0.003207107363738304,-0.024948785484342983,-0.025332650972364257
2020-03-21,-0.0011794847005366371,-0.0036017108126361608,0.007876082961407072
2020-03-22,-0.06138788600337486,-0.07809322991189094,-0.07658244334462094
2020-03-23,0.11556395823486443,0.11909818657082183,0.1035260930888573
2020-03-24,0.042524377448722284,0.014598540145985384,0.04038854805725989
2020-03-25,-0.01118428052918441,-0.019712230215827353,-0.03562653562653573
2020-03-26,0.010046390951373274,0.020108615881403225,0.03414012738853511
2020-03-27,-0.0570893347025383,-0.053525179856115046,-0.06011332840601147
2020-03-28,-0.01891606877200913,-0.001596229857099507,0.01992136304062897
2020-03-29,-0.05992015125195538,-0.05329272934906737,-0.04626060138781796
2020-03-30,0.09004102286629201,0.06409328508242873,0.05066019940716804
2020-03-31,0.0028018856143856574,0.005743651753325363,0.004103616311874836
2020-04-01,0.03763182267466747,0.022993688007213464,0.0045977011494253706
2020-04-02,0.02076323373001654,0.03959159688555913,0.016272565471650235
2020-04-03,-0.009189479933926381,7.065639793668588e-05,0.014260695521641331
2020-04-04,0.019694481896294747,0.020771513353115667,0.007646768623581712
2020-04-05,-0.014039742420473789,-0.01169712070874862,-0.0115055079559363
2020-04-06,0.0831055213366283,0.2010645003151481,0.1173848439821692
2020-04-07,-0.019280643351004434,-0.04040816326530616,-0.007092198581560294
2020-04-08,0.023624967187545476,0.05341192197848943,0.03973214285714288
2020-04-09,-0.010429966445548278,-0.020823719427780385,-0.006225848003434953
2020-04-10,-0.05776993489861848,-0.0686303387334315,-0.08489954633830199
2020-04-11,0.002581523914021,0.002846299810246755,0.005901794145420247
2020-04-12,0.002682284296009252,0.0020182907600125866,-0.013377141516076052
2020-04-13,-0.0067919972554078,-0.01328129917542653,-0.015937202664129457
2020-04-14,0.0023552696973274667,0.012056647103853013,-0.0036258158085569203
2020-04-15,-0.036823669513200485,-0.037062716671919294,-0.046579330422125254
2020-04-16,0.07374866397347879,0.1294756823983767,0.08396946564885499
2020-04-17,-0.010569914968281857,-0.00962039988409169,-0.009154929577464777
2020-04-18,0.0318722948336474,0.09942067996957116,0.04714522624970385
2020-04-19,-0.018046589256598966,-0.03986587183308499,-0.04343891402714939
2020-04-20,-0.04102256297058782,-0.05482565552414209,-0.04754020813623461
2020-04-21,0.002265219305108701,0.003343108504398895,0.010677924012912898
2020-04-22,0.041315030757199,0.07038054597533194,0.028992628992629
2020-04-23,0.049320147292078786,0.013926055376549451,0.026743075453677045
2020-04-24,0.0034464662704321025,0.011741893784336987,0.036279069767441996
2020-04-25,0.004387435725463851,0.03502981260647342,-0.003366247755834939
2020-04-26,0.021038447932524296,0.017539347803724015,0.004953839225399825
2020-04-27,0.0108182809093742,-0.005307587322448626,-0.00224064530584811
2020-04-28,-0.004462262685547835,-0.0005589998983637212,0.028520098809791117
2020-04-29,0.13394437918197388,0.0965576854629584,0.06659388646288211
2020-04-30,-0.01927164179104468,-0.04372623574144485,-0.05035823950870011
2020-05-01,0.023786333467837206,0.02841487659409414,0.015520586333261477
2020-05-02,0.017686325942134262,0.01018435569805276,0.045637868817660854
2020-05-03,-0.00841681894769164,-0.018716452742123635,-0.022533495736906217
2020-05-04,-0.0029652242717411736,-0.01607686453576862,-0.02242990654205601
2020-05-05,0.016351607975658267,-0.006912887943536727,-0.010410027618440676
2020-05-06,0.014066115171578852,-0.0300345616511708,-0.032632030914555465
2020-05-07,0.09272602364187033,0.06629529258255551,0.053262316910785534
2020-05-08,-0.01946771390046953,-0.004141761189815019,0.005899705014749346
2020-05-09,-0.02780733944954139,-0.0075145328229122565,-0.01675743611227487
2020-05-10,-0.08465263950358637,-0.10604761904761906,-0.10204516403919894
2020-05-11,-0.018036944464172477,-0.009588238427528761,-0.014946619217081736
2020-05-12,0.029049041108674345,0.022427795406873452,0.01782273603082829
2020-05-13,0.056662079347769456,0.051657022619673754,0.02366303833412209
2020-05-14,0.05086007685656235,0.01740696278511411,0.01756819232547402
2020-05-15,-0.04933366274167106,-0.04277286135693226,-0.02998636983189462
2020-05-16,0.007630931798412677,0.029943502824858914,0.013348946135831374
2020-05-17,0.03127624382404215,0.0325138383284298,0.00993760110931352
2020-05-18,0.005362404060091253,0.03825163004105292,0.03707093821510288
2020-05-19,0.005678150427814277,-0.0012094710889891669,0.009708737864077666
2020-05-20,-0.028041366509399257,-0.022122863397140313,-0.0338723776223776
2020-05-21,-0.047053392376603886,-0.05401028767384264,-0.034607554851843525
2020-05-22,0.011794357953467172,0.043802235424428515,0.036082474226803996
2020-05-23,0.0014091204558046577,-0.0031834844684545116,-0.008367254635911259
2020-05-24,-0.05075606419684253,-0.03401722636214077,-0.04082098061573547
2020-05-25,0.021063066432760014,0.022191053448880504,0.021635758440323283
2020-05-26,-0.00616789391537087,-0.015436636283446048,-0.015824994181987462
2020-05-27,0.0411683298622183,0.03733014782738531,0.037361078269094294
2020-05-28,0.040360404972346275,0.05772275802504678,0.020059266013220833
2020-05-29,-0.0163201356131768,0.0008165487207403288,-0.0060335195530727415
2020-05-30,0.029339420024109053,0.10524884416644009,0.07351618705035978
2020-05-31,-0.02615993476510592,-0.05044291338582685,-0.04502617801047115
2020-06-01,0.08070548357763707,0.07285998099680402,0.0585526315789473
2020-06-02,-0.06724485158135596,-0.04307395032406103,-0.04640563496996064
2020-06-03,0.015291216765415783,0.028984897564258816,0.023897458179448217
2020-06-04,0.01240785389431398,-0.0058053965658216855,0.006577551453426533
2020-06-05,-0.017860590946288668,-0.012912246072867894,-0.01433389544688024
2020-06-06,0.0060843360334374985,0.007832027995334112,-0.00021385799828910201
2020-06-07,0.008108191941437415,0.011946097883597906,-0.0023529411764705577
2020-06-08,0.003219447555517174,0.007107552796046024,-0.002787307032590114
2020-06-09,-0.00021469077882663168,-0.01022105049685662,-0.012470436465276236
2020-06-10,0.011721566024944341,0.016924148670245387,0.01698236446766832
2020-06-11,-0.06325828478558815,-0.07257414571244358,-0.07535859558980951
2020-06-12,0.02114875012947559,0.032066043884423134,0.03496179671220201
2020-06-13,0.0011443158776733853,0.0026943964972845347,0.00827740492170026
2020-06-14,-0.0158311345646438,-0.028676995423436935,-0.02396272465054361
2020-06-15,0.011531367292225259,-0.0015561511195643085,-0.00522846101386687
2020-06-16,0.009935828457476426,0.018876093168239683,0.0022851919561244216
2020-06-17,-0.007215850938197099,-0.006926149400866777,0.004103967168262557
2020-06-18,-0.008603744537410085,-0.011381626802447475,-0.014532243415077195
2020-06-19,-0.007916903971143752,-0.0103440813676694,-0.014516129032257963
2020-06-20,0.005786983533489387,0.000612262748185044,0.018470890811316254
2020-06-21,-0.0074392832635366,-0.004895104895104918,-0.01377410468319562
2020-06-22,0.04357031016116486,0.0682976106816584,0.031191806331471117
2020-06-23,-0.00693239112802535,-0.00045224684455036357,-0.0031602708803611934
2020-06-24,-0.03508576867604085,-0.03570253372820009,-0.03600543478260865
2020-06-25,-0.0045660576077088955,-0.01053574475345509,-0.006107587502936274
2020-06-26,-0.009529929647936752,-0.010906582747769122,0.017726305837863388
2020-06-27,-0.01670704347807106,-0.037831241283124206,-0.046911286576869604
2020-06-28,0.012305525378618842,0.0181192244971915,0.006822612085769952
2020-06-29,0.007813905921494557,0.013570030254493659,0.013310745401742485
2020-06-30,-0.005253444680955344,-0.010227821430139228,-0.01695724862670167
2020-07-01,0.011358113876666298,0.02461415646620546,0.01554907677356665
2020-07-02,-0.016064987223984306,-0.01969441198112809,-0.017224880382775143
2020-07-03,-0.003042392204612443,-0.006269869304132758,0.002190847127556017
2020-07-04,0.008234893042375901,0.01901715098196033,0.023803740587806654
2020-07-05,-0.007016461107992478,-0.007281765064969137,-0.013285883748517135
2020-07-06,0.02963504984908072,0.06140466464619854,0.05866794902620809
2020-07-07,-0.00956513269922532,-0.009435133457479816,-0.014989779695662175
2020-07-08,0.019595977497152584,0.03246020804612093,0.04680654830528019
2020-07-09,-0.02102004392026524,-0.020797928299749024,-0.023568281938326052
2020-07-10,0.005856911642912355,-0.0033057851239669533,-0.00022558087074209254
2020-07-11,-0.006032687371179679,-0.008416252072968478,0.009476534296029016
2020-07-12,0.007403356794802418,0.015219300079441389,-0.0006705409029951204
2020-07-13,-0.007142573067608904,-0.013879164779045383,-0.01856407962424511
2020-07-14,0.00216738912971004,0.004134647510858791,0.0
2020-07-15,-0.0072140469744862434,-0.008734350954539782,-0.013217866909754017
2020-07-16,-0.00653416262611306,-0.02064364536566954,-0.028175519630484924
2020-07-17,0.0026483799209429115,-0.0033417591362837618,-0.004515209125475206
2020-07-18,0.002355179921107897,0.013282895585264187,0.013845786583910114
2020-07-19,0.004034503615468976,0.01463600882402849,0.0042382858488345665
2020-07-20,-0.0056247401732577584,-0.012836058034034314,-0.01594372801875732
2020-07-21,0.02544358998149776,0.04044896230410844,0.044317369549678354
2020-07-22,0.015120064210241813,0.07583960920008126,0.027150353639060043
2020-07-23,0.008080803843887097,0.043136067806871736,-0.0008884940026656629
2020-07-24,-0.0064525591787992775,0.014183110853162928,-0.018230324588706104
2020-07-25,0.016764368074830394,0.09324367824314184,0.11480978260869557
2020-07-26,0.02364969576772702,0.01861545508080864,-0.02214097095267109
2020-07-27,0.11144854642390101,0.0349767143086559,0.10884918986289982
2020-07-28,-0.010379304383871357,-0.014430238331678336,0.04645934807043828
2020-07-29,0.01608618073700674,0.0017947668377469306,-0.011815252416756072
2020-07-30,0.0005247468074152106,0.05390369625345737,0.029347826086956408
2020-07-31,0.021201066935349733,0.03444573678088947,0.0248152059134108
2020-08-01,0.04038630609551763,0.11687712621807056,0.0599347415421605
2020-08-02,-0.06278794283183753,-0.0392101187403201,-0.08020090732339591
2020-08-03,0.01487007319845235,0.03764004191182413,0.031178439316540407
2020-08-04,-0.003212817798779022,0.009321112319403468,-0.015203279808677861
2020-08-05,0.04998731807692014,0.029218613719152353,0.02289679098005215
2020-08-06,0.0014578858953366858,-0.014780289623887777,0.0018653552653891126
2020-08-07,-0.014215352784848423,-0.03928860554543612,-0.030974949221394654
2020-08-08,0.014514255780371688,0.046767610269914384,0.02113537117903941
2020-08-09,-0.007346084664262675,-0.01786118588211605,-0.025487512829284964
2020-08-10,0.018073350854858727,0.013754770625752366,0.02299455853958232
2020-08-11,-0.04295895789232185,-0.04270049017130728,-0.07137954701441329
2020-08-12,0.015622736209150778,0.022144214527026973,0.007945306725794632
2020-08-13,0.019841870236762427,0.09727063805613656,0.048212648945921144
2020-08-14,-0.0014369338628936745,0.03268696757189238,-0.005771248688352548
2020-08-15,0.006812123270226733,-0.014310780940227308,0.05364995602462619
2020-08-16,0.0050256171559055485,0.002658652178938903,0.06694490818030041
2020-08-17,0.03233703951055644,-0.005072630850818549,0.05304334219996876
2020-08-18,-0.028791654272585232,-0.02129779837775203,-0.028231797919762158
2020-08-19,-0.0159941422594142,-0.034855911534181105,-0.05015290519877691
2020-08-20,0.008962595895694037,0.020437204053092684,0.010946555054732743
2020-08-21,-0.02823943507643978,-0.06700807847663015,-0.059076433121018956
2020-08-22,0.01246485018067145,0.019507795387192273,0.020138771365713293
2020-08-23,-0.001963517300283657,-0.011930640513624247,0.0056403450564033175
2020-08-24,0.008913297070131332,0.04313123561013055,0.023424612339161932
2020-08-25,-0.03649272366075795,-0.0599126937414165,-0.05899419729206956
2020-08-26,0.012216421837858427,0.00722614979260694,-0.004967454607742394
2020-08-27,-0.011620593425785253,-0.007381507381507446,-0.03339645377861944
2020-08-28,0.01808816546426062,0.03188519243313781,0.022261798753339335
2020-08-29,-0.005261378413524143,0.007864060484992441,-0.00783972125435528
2020-08-30,0.021064447448256196,0.07617040493752825,0.10447761194029836
2020-08-31,-0.005207404227207113,0.011540075535039884,-0.031319554848966646
2020-09-01,0.02309909909909913,0.09606121367166787,0.029213851961267023
2020-09-02,-0.04434168440367592,-0.07475240238030156,-0.07319406793174943
2020-09-03,-0.1073197443196775,-0.1298804599790918,-0.13850653819683412
2020-09-04,0.03219752824275579,0.015906182255073453,0.013780707010185633
2020-09-05,-0.03158937338393619,-0.13808617852735494,-0.057722616233254476
2020-09-06,0.008801812681691112,0.05225950782997768,0.0022998118335773032
2020-09-07,0.011419535848607776,0.0026646256767866028,0.019607843137255054
2020-09-08,-0.024029879518072228,-0.04588504707246044,-0.02843698854337151
2020-09-09,0.009764272854491773,0.0403579471376081,0.007791113918719672
2020-09-10,0.011606367413365515,0.04830532611791516,0.01776013372335994
2020-09-11,0.004948164161485469,0.015948486659783656,0.0055430096489426095
2020-09-12,0.005013271556538523,0.03711924691787227,0.03817884850959574
2020-09-13,-0.010506848213567843,-0.05474330213248757,-0.05250737463126842
2020-09-14,0.033200925628533495,0.02918871733318773,0.01909506019095053
2020-09-15,0.009719146625218222,-0.034669211195928695,-0.016293279022403295
2020-09-16,0.016307870638692545,0.002828116419549831,-0.01159420289855062
2020-09-17,-0.0014599059638070733,0.06631437724173805,0.02387934645999157
2020-09-18,-0.0005564891292727525,-0.012350751059186038,-0.006751227495908507
2020-09-19,0.013026719036856482,0.0015339018302829022,-0.0014418125643665958
2020-09-20,-0.014360108303249186,-0.03774368559042651,-0.028671617161716068
2020-09-21,-0.04615649457141313,-0.08249480698157485,-0.08409428753450843
2020-09-22,0.010973598468630552,0.012201934668195413,0.031532575933225226
2020-09-23,-0.028109993894292362,-0.06863998140939986,-0.034614520116880154
2020-09-24,0.049331222948481246,0.08891869132645103,0.046332945285215255
2020-09-25,-0.004607072060454298,0.008506616257088817,0.02447708055184683
2020-09-26,0.003692052685881686,0.005736843600011365,0.0004344048653346366
2020-09-27,0.004492078285181833,0.009657470420467051,0.0002171081198436564
2020-09-28,-0.007668256295114362,-0.010180394350440491,-0.018667245495984308
2020-09-29,0.013573869506477099,0.016925206973524176,0.010617120106171107
2020-09-30,-0.005636151808964929,-2.7785495971044405e-05,0.013788575180564644
2020-10-01,-0.01502834512872886,-0.019422601350412627,-0.003454231433506094
2020-10-02,-0.004192084297531373,-0.020402380277699028,-0.027296360485268623
2020-10-03,-0.0020306210465785846,0.0013884871275673394,0.014699331848552433
2020-10-04,0.011321452095170104,0.018198624992778356,0.02524143985952576
2020-10-05,0.01160985127132963,0.003546300499319033,-0.0077071290944122905
2020-10-06,-0.01781750810560445,-0.036609843666073116,-0.007551240560949357
2020-10-07,0.006395564886547245,0.002641000058688947,0.012608695652173818
2020-10-08,0.024611849337470737,0.0280086630765628,0.014169171318162421
2020-10-09,0.011339886527962362,0.04017081850533821,0.012277730736663717
2020-10-10,0.021925338267732908,0.014752572804904718,0.02258469259723972
2020-10-11,0.006594097083941763,0.00979096426163184,0.03231083844580773
2020-10-12,0.014194641995215251,0.033014584112399215,0.0025752773375595783
2020-10-13,-0.009296551676309384,-0.01388529761596935,-0.01264572218929072
2020-10-14,-4.5501399167924284e-05,-0.0062931011878227805,-0.002601560936561831
2020-10-15,0.007144044733410793,-0.0027178932369317232,-0.00521669341894071
2020-10-16,-0.015673357464459303,-0.03273006297295866,-0.039128680919725656
2020-10-17,0.003437211745130675,0.007960171786525194,-0.014903442485306506
2020-10-18,0.012870462328541388,0.027409900130264786,0.013850415512465242
2020-10-19,0.02138663563252341,0.0020603307094935186,0.009037410676755009
2020-10-20,0.013892325548767293,-0.02780999578237031,-0.022078733597167166
2020-10-21,0.07415151004333342,0.06160353569588661,0.13162939297124598
2020-10-22,0.013977201748907042,0.059178096186754514,0.024280067758328583
2020-10-23,-0.003844607923911725,-0.01249095731854355,0.019110621095185687
2020-10-24,0.014620753198748782,0.007472162531744431,0.06761630003606212
2020-10-25,-0.006189129560331019,-0.014833486838916055,-0.006080054044924843
2020-10-26,0.0018236872364891799,-0.03281995768341284,-0.03330501274426512
2020-10-27,0.048159776077203675,0.029075091575091694,0.022675338372297293
2020-10-28,-0.030451490635982403,-0.039352366827339,-0.040220006875214764
2020-10-29,0.013474085256813373,-0.002650335794971981,-0.01611747851002876
2020-10-30,0.00828454680534918,-0.012461300309597578,-0.015653440116490724
2020-10-31,0.01719042317325048,0.010371763722339944,0.029585798816567976
2020-11-01,-0.002406407621691198,0.02629673682577449,-0.0005387931034482873
2020-11-02,-0.015130424301043055,-0.034214305510065324,-0.032345013477088846
2020-11-03,0.034842758577977806,0.013017504500039134,0.003156917363045464
2020-11-04,0.008954245572037278,0.03826740832303255,0.013513513513513375
2020-11-05,0.10215952005016415,0.034699141822511104,0.07835616438356152
2020-11-06,-0.0005292086664645534,0.09463767768535591,0.07198509485094862
2020-11-07,-0.04909374709534331,-0.04581189094492488,-0.06873123716226892
2020-11-08,0.04373776888235126,0.04332958483464533,0.03478113335595534
2020-11-09,-0.009084215489346237,-0.02155693891467414,-0.028529267092966104
2020-11-10,-0.0017741856637715214,0.013668757446999802,-0.02126582278481004
2020-11-11,0.025514804737568175,0.028610082281709692,0.023107432315916387
2020-11-12,0.038522099174890245,-0.0017464800879708475,0.023765380077532594
2020-11-13,0.0017626347189378944,0.03058447449133861,0.08676325321040501
2020-11-14,-0.015762358349918792,-0.033491218510290355,-0.0327223148007878
2020-11-15,-0.0071583091914506625,-0.02727903547575683,-0.023179326546593604
2020-11-16,0.0475828417431321,0.027352980516295977,0.18374218374218376
2020-11-17,0.05695824146391626,0.047368992079852346,0.034945144250304816
2020-11-18,0.005857112474659587,-0.007706969420734344,-0.038345766260960534
2020-11-19,0.0021745597317874843,-0.0146985134457992,0.11077844311377238
2020-11-20,0.04790091563149823,0.08160281403627723,0.012496937025238797
2020-11-21,0.0024610112314427113,0.08353740963501366,0.05433204259438518
2020-11-22,-0.015145922726148564,0.014012692787531478,-0.047859520257087174
2020-11-23,-0.002865873435132227,0.0863735244820083,0.07497589199614296
2020-11-24,0.0428625355048351,-0.00625348783770463,0.0017941242431038784
2020-11-25,-0.02351816423649289,-0.06055000412916023,-0.08495634654130291
2020-11-26,-0.0828936973912412,-0.0851808224476519,-0.13015290519877676
2020-11-27,-0.000934769947582903,-0.002440711842256915,-0.026859794684291893
2020-11-28,0.0341553986108154,0.03668098715009527,0.05187861271676297
2020-11-29,0.026053771593333774,0.07182546319525751,0.08531391674680577
2020-11-30,0.08306211831201327,0.06976905471946737,0.10962025316455692
2020-12-01,-0.04722394407206254,-0.050194489465154035,-0.028405201916495537
2020-12-02,0.023567092957077707,0.01931641724826383,0.04485147352354102
2020-12-03,0.011599619882417311,0.03230936636812576,0.00044948870659622386
2020-12-04,-0.040647572272405674,-0.07954269034298223,-0.10614399640570593
2020-12-05,0.026844105241155436,0.05230796335447496,0.04561447599899471
2020-12-06,0.011307503121255058,0.007801905272146081,0.005167648119216439
2020-12-07,-0.0102133611346229,-0.017410083894011108,-0.002749880439980923
2020-12-08,-0.04492142179645009,-0.062014979627031064,-0.08044598968948558
2020-12-09,0.012575192916442157,0.033508174264136104,0.009387222946545037
2020-12-10,-0.01580401745877269,-0.02429453416582361,-0.03500387496770874
2020-12-11,-0.011575352371936298,-0.027205290910715885,-0.03386427519742985
2020-12-12,0.04318387775292831,0.04485236021535011,0.06262122471598786
2020-12-13,0.018349974071901753,0.03888224535734386,0.07170795306388533
2020-12-14,0.005515830883330963,-0.007380448582310684,0.0024330900243310083
2020-12-15,0.008936627928998853,0.004587390644451794,-0.012135922330097082
2020-12-16,0.09848749781430333,0.08301079649623144,0.1427518427518426
2020-12-17,0.06867294173827743,0.008448540706605279,0.08761556654482905
2020-12-18,0.013636793758827315,0.017548222640160427,0.08194128694276959
2020-12-19,0.03078215004391094,0.006568294992820745,0.09647359766124608
2020-12-20,-0.015659545349914317,-0.031200679859172076,-0.04474254290951496
2020-12-21,-0.03182372507668285,-0.047509398496240474,-0.08905364151766249
2020-12-22,0.048125775427420026,0.0472807407041953,0.0945040214477213
2020-12-23,-0.024972222537040567,-0.0812003391853271,-0.1046277665995976
2020-12-24,0.02107812220842198,0.04641862213942671,0.08646800195407933
2020-12-25,0.0416034937237435,0.02364969702908848,0.14811151079136686
2020-12-26,0.07167216291954048,0.015588352612684542,0.014803791023733082
2020-12-27,-0.008184972058915108,0.07478162508640729,-0.015128125964804062
2020-12-28,0.029769618773242357,0.06662573817458939,0.016379310344827536
2020-12-29,0.012055682690615077,0.0028230779772508985,-0.007710694733595536
2020-12-30,0.05594717600264554,0.028834590576145125,0.011034268396922897
2020-12-31,0.0032065146300259695,-0.02017639401748006,-0.04380908462070565
2021-01-01,0.014582919398635541,-0.009055539739992069,0.017040430833534348
2021-01-02,0.0956408833693041,0.060616424301289884,0.08377459890934946
2021-01-03,0.026523688547507307,0.2645943505739714,0.177860424414789
2021-01-04,-0.03206314505212415,0.06317571702500913,-0.03770430906389299
2021-01-05,0.0627935861316633,0.05885569561963955,0.02316155182397206
2021-01-06,0.08311980027410604,0.0981127630851748,0.06527070364082244
2021-01-07,0.07179471318740527,0.012640055444629539,0.0020069653503336227
2021-01-08,0.029352577206853914,-0.008139553831864044,0.01596465390279822
2021-01-09,-0.010026275570113485,0.05265535794964493,0.031369592949089586
2021-01-10,-0.05181304420078481,-0.020539232900230187,-0.043065159948276865
2021-01-11,-0.07123049955765515,-0.13252810465848175,-0.1808354385758768
2021-01-12,-0.03987325044517176,-0.03581957953324333,-0.043319228286595624
2021-01-13,0.0985540694815179,0.0771678145152841,0.10585501162006161
2021-01-14,0.04630410609712965,0.08889281924301384,0.03301471086705998
2021-01-15,-0.06058687585526856,-0.051343273884936536,-0.05742223388896184
2021-01-16,-0.02034380937170699,0.050543617840938415,-0.0009051033906565253
2021-01-17,-0.005191776918560764,0.0047671822285964005,-0.004878048780487698
2021-01-18,0.022451982132886794,0.020673322573581343,0.06358543417366924
2021-01-19,-0.019302794898350184,0.08705740258089123,0.00013168290755860568
2021-01-20,-0.011531775234650321,0.006461799362591947,-0.014022383146807038
2021-01-21,-0.13089395880752908,-0.19337923421067937,-0.13367162983240977
2021-01-22,0.0689973894824174,0.11073094307683995,0.06173410404624269
2021-01-23,-0.026464206533104773,0.0007701037613490058,0.0
2021-01-24,0.005497942981457893,0.12915637276740521,0.02446283391405335
2021-01-25,-0.0008266085573342963,-0.05454088952654235,-0.028342662793169437
2021-01-26,0.007716539679814005,0.03794471801330834,-0.017064099759352414
2021-01-27,-0.06470738049670843,-0.0928522346817936,-0.09021440759700272
2021-01-28,0.10135320235747325,0.07432149303764835,0.08953763353176236
2021-01-29,0.02308579625721774,0.03501376397962774,0.009729810642915782
2021-01-30,0.0015620754238427903,9.421177357293864e-05,-0.00963605366540643
2021-01-31,-0.03432517485472364,-0.047869565217391274,-0.030162412993039456
2021-02-01,0.01193352352936583,0.04616649162062192,0.018984411174563842
2021-02-02,0.059030471004995144,0.10117124981812897,0.07581036049681922
2021-02-03,0.060983868574230105,0.1024331591430101,0.0996128123900033
2021-02-04,-0.018667739607631684,-0.042649455870367725,-0.06997439180537757
2021-02-05,0.0361457741717377,0.07731213420550209,0.0680112893233289
2021-02-06,0.024899579734434907,-0.023991028784586255,0.003996132774734207
2021-02-07,-0.010034526554274392,-0.038368348047649437,-0.030943057071323277
2021-02-08,0.19491647076438157,0.08522150409825913,0.11050016561775422
2021-02-09,0.001434504317722407,0.010941368412646035,0.085247270774921
2021-02-10,-0.0357893080321009,-0.016493996027446722,-0.0008795074758135568
2021-02-11,0.07018751393534006,0.025468607459852022,0.011223591549295975
2021-02-12,-0.012283243166212987,0.03227178121433205,0.07290533188248083
2021-02-13,-0.003710106702744742,-0.014628726287262861,0.14918864097363094
2021-02-14,0.030661970742572153,-0.007843741233546586,-0.055996822875297836
2021-02-15,-0.01528984079724427,-0.013377685377685467,-0.028186790071518697
2021-02-16,0.025499219068944923,0.0013205066250099318,0.010918710918710772
2021-02-17,0.06125669286277047,0.03929920256794439,0.1302279107389257
2021-02-18,-0.010892848209153039,0.047321814254859706,-0.04584491033089155
2021-02-19,0.08491633904522189,0.009300694974325063,0.044297374806971046
2021-02-20,-0.001072457700082019,-0.021566343835560442,-0.040221386623853994
2021-02-21,0.027996091805380097,0.010498783582011617,0.0016287361887572516
2021-02-22,-0.058220193163372125,-0.08106655920478201,-0.08486419970115144
2021-02-23,-0.09682182802929995,-0.1129108429941642,-0.14714498391202036
2021-02-24,0.017133541336102454,0.030085623926532135,0.023143194999718286
2021-02-25,-0.053869268898395606,-0.08778687011628628,-0.012272977435332955
2021-02-26,-0.015561063595764368,-0.02525259338198582,-0.05109489051094884
2021-02-27,-0.003139692010136752,0.010649192488132897,0.01004110393423363
2021-02-28,-0.020549687911088466,-0.026393805158260064,-0.03656764141619673
2021-03-01,0.09744593123193335,0.10534310347252496,0.06209268645908761
2021-03-02,-0.022719855598577032,-0.05311040704406356,0.018408044997443307
2021-03-03,0.0381022270961997,0.05342865205531,0.04663877266387728
2021-03-04,-0.039544876886417835,-0.017967165435689325,-0.03741804807846072
2021-03-05,0.008289482498120782,-0.007059862699634434,-0.0016058474998614791
2021-03-06,0.002878235092569126,0.0804607475046113,0.014143094841930104
2021-03-07,0.042297623545691554,0.04624567903476762,0.043150123051681755
2021-03-08,0.028180838983252077,0.06154309057874574,0.006081577015833117
2021-03-09,0.047718001046642256,0.02039158826543419,0.06294945284002074
2021-03-10,0.01774170110994211,-0.04092970582107813,-0.018384155309344008
2021-03-11,0.03443829374802854,0.017639817976238925,0.006192878190081519
2021-03-12,-0.010197270730480934,-0.03242950345914708,0.09614334640393118
2021-03-13,0.06906993702677688,0.08701259765017344,0.023772867234196804
2021-03-14,-0.036055150093578625,-0.03783806287436042,-0.052987748241850596
2021-03-15,-0.05657787416889504,-0.029114608686245935,-0.06207089813647204
2021-03-16,0.023203618510626578,0.006105611480332174,0.004083258639577592
2021-03-17,0.03510506681263115,0.010359739317730154,0.02182106724856192
2021-03-18,-0.021732342206791877,-0.026491445356598753,-0.031013395457192727
2021-03-19,0.006847260688056966,0.01856563836973657,0.0013022789882293218
2021-03-20,0.0013273682168364331,-0.0016082857111275883,0.0012505627532388708
2021-03-21,-0.012963227437208236,-0.012438623392583392,-0.02313149480415666
2021-03-22,-0.056713070303462176,-0.057724215246636734,-0.05027361530199981
2021-03-23,0.004351685370209246,-0.007691758575150809,0.0008077544426494665
2021-03-24,-0.03807819372114063,-0.051735817611759494,-0.053268765133171914
2021-03-25,-0.018194718204244564,0.0033443124561414184,-0.02540494458653031
2021-03-26,0.07301372177034149,0.07121254127076138,0.07126195474690933
2021-03-27,0.014237429828785508,0.008105405564378776,0.0023952095808383866
2021-03-28,-0.0013912428860153314,-0.015730389525521082,0.0007059845769523676
2021-03-29,0.03289169616711152,0.07635809641239644,0.05095783361371886
2021-03-30,0.02035947142925565,0.014005386263376218,0.010688836104512989
2021-03-31,0.00023032514630072498,0.04282083034608619,0.005875440658049458
2021-04-01,-0.0012503401360544064,0.02519791666666671,0.02940877691995114
2021-04-02,0.004334671514451438,0.0844857192208821,0.0435683623624612
2021-04-03,-0.03198824571421599,-0.058758221372758324,-0.07640661938534277
2021-04-04,0.01964467931497249,0.03340052258305337,0.03542541210197592
2021-04-05,0.015581299554726646,0.014746961027952699,0.09482843864333046
2021-04-06,-0.018656692435535138,0.0028571699778829895,0.07067377167630062
2021-04-07,-0.03557791643499364,-0.07040700425934687,-0.07490826268505624
2021-04-08,0.03801843420917428,0.059595872173829,0.03150503807048732
2021-04-09,0.00016493610017365157,-0.007331991216985467,-0.022851838755304166
2021-04-10,0.02902121231108623,0.03245354617309504,0.15773284480028948
2021-04-11,0.0034570899954164958,0.008185347009957544,-0.013675080096897663
2021-04-12,-0.0024245956423295523,-0.005817143601141939,-0.032047219141182026
2021-04-13,0.0626405627557034,0.07571923686758364,0.09584612236545942
2021-04-14,-0.009693933876431804,0.05766287523044267,0.04137879523471644
2021-04-15,0.004085003128384335,0.03473324179664061,0.02628653397884162
2021-04-16,-0.02849592529002498,-0.03591137173573633,0.07886644769026474
2021-04-17,-0.022276913820197364,-0.04448125803580261,-0.02477732793522258
2021-04-18,-0.06301235154979623,-0.033311769526027435,-0.0893390900033213
2021-04-19,-0.010263634927491938,-0.0346381376424294,-0.0460977388767323
2021-04-20,0.014407642230267026,0.07800094277712555,-0.0021027680073406607
2021-04-21,-0.047760423184078915,0.010550458715596456,-0.012375004789088595
2021-04-22,-0.0390192647478127,0.01814857394971159,-0.01990069051128862
2021-04-23,-0.009947856535940214,-0.012475051979383034,-0.04345933109044142
2021-04-24,-0.02145299016728175,-0.06469483766165285,-0.06773699673107947
2021-04-25,-0.019328537218140096,0.04756577285358543,-0.004971149578339995
2021-04-26,0.10041733678060294,0.09122541082440483,0.10469265768578828
2021-04-27,0.018796527890834414,0.05282557221783746,0.04970724813244498
2021-04-28,-0.0031885093813976972,0.03138470534435833,-0.00442375750115398
2021-04-29,-0.023937575725447746,0.0026639143186302228,-0.012750666512113207
2021-04-30,0.07873777528928705,0.006353935597987581,0.06293295761418327
2021-05-01,0.001046908091642873,0.06211889283077321,0.019919731948893737
2021-05-02,-0.021328989921755026,0.001074969819459426,-0.02851985559566783
2021-05-03,0.010375769092206388,0.16324028061475082,0.09591230026012632
2021-05-04,-0.06940430914588425,-0.056488225067632625,0.03590926045234122
2021-05-05,0.08027077160252682,0.08949355094583034,0.16671031096563005
2021-05-06,-0.0186910736878928,-0.010543998957498135,-0.005583143955334879
2021-05-07,0.016649876170831357,-0.002304774175077018,-0.02592822480532675
2021-05-08,0.027494759098012356,0.12413120211209017,0.007154236060825658
2021-05-09,-0.01094812328426742,0.002854035729055404,0.11670309444380522
2021-05-10,-0.04194910291211651,0.005348178920894675,-0.07440123615761007
2021-05-11,0.015873223283901616,0.058314448847307965,0.05216883225285884
2021-05-12,-0.12782400425421026,-0.08454791662679206,-0.17783477892955357
2021-05-13,0.0038655505985301097,-0.02800042860465657,0.024122736483226603
2021-05-14,0.004092766146019944,0.0971383861713313,0.0259413963129298
2021-05-15,-0.06249253409463518,-0.10561669987330025,-0.08109100927541557
2021-05-16,-0.006942094271126131,-0.017514536078519494,-0.013558531547738006
2021-05-17,-0.061792059941284116,-0.08430898979813806,-0.049002060045253426
2021-05-18,-0.016598019756542404,0.028215343006469107,0.04449573863636358
2021-05-19,-0.14292597617900404,-0.27608443228000334,-0.36541665250059496
2021-05-20,0.10594594594594597,0.1355041715938805,0.13104741494776317
2021-05-21,-0.08080479862187573,-0.1225951057090452,-0.1462744540760742
2021-05-22,0.0036437384660252814,-0.056541238510633085,-0.05964600787882146
2021-05-23,-0.07252907996754265,-0.0860224883444557,-0.1578947368421052
2021-05-24,0.11852841319877894,0.2627477876527686,0.29918721973094153
2021-05-25,-0.013291387335333416,0.02124289011934044,-0.00717290475676835
2021-05-26,0.02427987626235595,0.06732260780924526,0.08197077516432172
2021-05-27,-0.018739869438068713,-0.049943941533095226,-0.023948187569033053
2021-05-28,-0.07460173126041314,-0.12081544048282478,-0.08744406151946915
2021-05-29,-0.02950213380036759,-0.055136899755987456,-0.07491122259173666
2021-05-30,0.030080438214129535,0.0468887018134625,0.04021447721179627
2021-05-31,0.045133032646433424,0.1337962691505492,0.10151124648547327
2021-06-01,-0.015942086910943343,-0.026855108011465956,-0.026960914650359102
2021-06-02,0.02433992094861659,0.02741400384145276,0.02344518526614947
2021-06-03,0.04445803398858539,0.05543404368515947,0.03369466545629307
2021-06-04,-0.06094569098731051,-0.05810941372502343,-0.07722905258807733
2021-06-05,-0.03573397596951633,-0.022644833276346477,-0.031125790740637038
2021-06-06,0.007343661937748935,0.03088506512025857,0.019125209452822478
2021-06-07,-0.062137993680531634,-0.043711291530337815,-0.08164190951355033
2021-06-08,-0.0051757346264034165,-0.03215466331336514,-0.007531794048648011
2021-06-09,0.11980463521338325,0.040715632236131505,0.07346354814630507
2021-06-10,-0.018976918424996714,-0.053491213087884404,-0.02428000231789995
2021-06-11,0.01756115773538225,-0.047062821908164465,-0.03254543294928136
2021-06-12,-0.047701778649563265,0.00688668390460534,-0.006445672191528584
2021-06-13,0.09724886542380973,0.05850330383008151,0.05665739882607368
2021-06-14,0.03906755411475116,0.028933603693685583,0.05262542392702607
2021-06-15,-0.009302045636018441,-0.015207947778818953,-0.027052549716698127
2021-06-16,-0.04510117306324313,-0.06913484144394899,-0.04875820725092772
2021-06-17,-0.006670751740502245,0.0023651345381441313,0.003421163195486354
2021-06-18,-0.059150805732065215,-0.058508509141164566,-0.0644215815288911
2021-06-19,-0.009960992483359465,-0.031215456014177856,-0.0248065980436033
2021-06-20,0.0028460081065717624,0.036115525333530574,0.01534124434537465
2021-06-21,-0.11172889845325851,-0.15927147888893844,-0.19642280622457542
2021-06-22,0.029375364997333175,-0.0021318682484209317,-0.03712334270791484
2021-06-23,0.03534227436715476,0.04608721069274302,0.07819410832012008
2021-06-24,0.02868142844633237,0.010384226542774044,0.04125386996904035
2021-06-25,-0.08829857409900799,-0.09037565177166251,-0.07083921801828585
2021-06-26,0.021540369360236067,0.011110681178727377,0.014480000000000048
2021-06-27,0.07541520282297354,0.08503310244537143,0.04621086665089491
2021-06-28,-0.006223416653149627,0.049921651022063696,0.037838245270219506
2021-06-29,0.0409083292310779,0.03953853315353273,0.047134868182148404
2021-06-30,-0.02351474531727138,0.05102992364438785,0.0012484394506866447
2021-07-01,-0.04403565316600111,-0.07454144558839015,-0.04987531172069837
